Scenario,Plain_SE,CV_SE,SE_Reduction_Ratio
Baseline,0.00017125475783285587,5.337720596055853e-05,3.208387452115785
High Vol of Vol,0.00034511530675007435,7.3454132401529e-05,4.698378368469989
Strong Neg Correlation,0.00017109566751538182,5.326404208501176e-05,3.2122171134196984
Longer Maturity,0.00012514851788760902,4.268389096062905e-05,2.9319847621915267
